{"cameraMode":{"drawMode":0,"name":"Shaded","section":"Shading Mode"},"sceneLighting":false,"audioPlay":false,"sceneViewState":{"m_AlwaysRefresh":false,"showFog":true,"showSkybox":false,"showFlares":true,"showImageEffects":true,"showParticleSystems":true,"showVisualEffectGraphs":true,"m_FxEnabled":true},"in2DMode":false,"pivot":{"x":-2.230654239654541,"y":11.460577964782715,"z":-34.25855255126953},"rotation":{"x":-0.06497367471456528,"y":-0.34528303146362307,"z":0.023986635729670526,"w":-0.9360076785087586},"size":0.8702664375305176,"orthographic":false}