{"cameraMode":{"drawMode":0,"name":"Shaded","section":"Shading Mode"},"sceneLighting":false,"audioPlay":false,"sceneViewState":{"m_AlwaysRefresh":false,"showFog":true,"showSkybox":false,"showFlares":true,"showImageEffects":true,"showParticleSystems":true,"showVisualEffectGraphs":true,"m_FxEnabled":true},"in2DMode":false,"pivot":{"x":997.0725708007813,"y":260.75030517578127,"z":971.5072021484375},"rotation":{"x":0.0011937828967347742,"y":-0.011482976377010346,"z":0.0003524576604831964,"w":-1.0000947713851929},"size":732.9737548828125,"orthographic":false}