{"cameraMode":{"drawMode":0,"name":"Shaded","section":"Shading Mode"},"sceneLighting":false,"audioPlay":false,"sceneViewState":{"m_AlwaysRefresh":false,"showFog":true,"showSkybox":false,"showFlares":true,"showImageEffects":true,"showParticleSystems":true,"showVisualEffectGraphs":true,"m_FxEnabled":true},"in2DMode":false,"pivot":{"x":531.7047119140625,"y":68.68600463867188,"z":523.361083984375},"rotation":{"x":0.019193463027477266,"y":-0.03098241798579693,"z":-0.0002304563095094636,"w":-0.9994938373565674},"size":2129.919189453125,"orthographic":false}