{"cameraMode":{"drawMode":0,"name":"Shaded","section":"Shading Mode"},"sceneLighting":false,"audioPlay":false,"sceneViewState":{"m_AlwaysRefresh":false,"showFog":true,"showSkybox":false,"showFlares":true,"showImageEffects":true,"showParticleSystems":true,"showVisualEffectGraphs":true,"m_FxEnabled":true},"in2DMode":false,"pivot":{"x":0.0006371140480041504,"y":1.2818903923034669,"z":0.006947875022888184},"rotation":{"x":-0.2994835674762726,"y":-0.21319440007209779,"z":0.06317935138940811,"w":-0.9285941123962402},"size":1.3751229047775269,"orthographic":false}