{"cameraMode":{"drawMode":0,"name":"Shaded","section":"Shading Mode"},"sceneLighting":false,"audioPlay":false,"sceneViewState":{"m_AlwaysRefresh":false,"showFog":true,"showSkybox":false,"showFlares":true,"showImageEffects":true,"showParticleSystems":true,"showVisualEffectGraphs":true,"m_FxEnabled":true},"in2DMode":false,"pivot":{"x":627.5851440429688,"y":64.7652359008789,"z":528.8850708007813},"rotation":{"x":0.0017558167455717922,"y":0.9978718161582947,"z":-0.030256759375333787,"w":0.05874413251876831},"size":7.329719543457031,"orthographic":false}