{"cameraMode":{"drawMode":0,"name":"Shaded","section":"Shading Mode"},"sceneLighting":false,"audioPlay":false,"sceneViewState":{"m_AlwaysRefresh":false,"showFog":true,"showSkybox":false,"showFlares":true,"showImageEffects":true,"showParticleSystems":true,"showVisualEffectGraphs":true,"m_FxEnabled":true},"in2DMode":false,"pivot":{"x":611.6094360351563,"y":61.271324157714847,"z":479.4159851074219},"rotation":{"x":0.0029774054419249298,"y":-0.9956921339035034,"z":0.08715473860502243,"w":0.03346969559788704},"size":1.4391781091690064,"orthographic":false}