{"cameraMode":{"drawMode":0,"name":"Shaded","section":"Shading Mode"},"sceneLighting":false,"audioPlay":false,"sceneViewState":{"m_AlwaysRefresh":false,"showFog":true,"showSkybox":false,"showFlares":true,"showImageEffects":true,"showParticleSystems":true,"showVisualEffectGraphs":true,"m_FxEnabled":true},"in2DMode":false,"pivot":{"x":0.03411531448364258,"y":-0.01377260684967041,"z":-0.11796069145202637},"rotation":{"x":-0.2994835674762726,"y":-0.21319440007209779,"z":0.06317935138940811,"w":-0.9285941123962402},"size":2.1948702335357668,"orthographic":false}