{"cameraMode":{"drawMode":0,"name":"Shaded","section":"Shading Mode"},"sceneLighting":false,"audioPlay":false,"sceneViewState":{"m_AlwaysRefresh":false,"showFog":true,"showSkybox":false,"showFlares":true,"showImageEffects":true,"showParticleSystems":true,"showVisualEffectGraphs":true,"m_FxEnabled":true},"in2DMode":false,"pivot":{"x":131.2954559326172,"y":14.873855590820313,"z":116.08778381347656},"rotation":{"x":0.04776459187269211,"y":0.6146303415298462,"z":-0.024641921743750573,"w":0.7882804274559021},"size":16.667085647583009,"orthographic":false}